Date,Location,Operator,Route,Type,Aboard,Fatalities,Ground
12/14/1920,"Cricklewood, England",Handley Page Transport,,Handley Page HP-16,8,4,0
1/8/1928,"Near Canajoharie, New York",Colonial Western Airlines,Minola - Albany - Buffalo,Fairchild FC-2,3,3,0
4/19/1928,"Minuesa, Spain",Iberia Airlines,,Rohrbach Roland,9,9,0
8/25/1928,"Near Port Townsend, BC, Canada",British Columbia Airways,Victoria - Seattle,Ford 4-AT-B Tri Motor,7,7,0
12/31/1928,"Reims, France",CIDNA,,Blériot Spad 66,3,2,0
3/30/1929,"Near Beaumont, California",New Standard Airlines,Los Angeles - Phoenix - El Paso,Fokker F-VIIA,4,4,0
11/4/1929,"Cerro del Carbon, Mexico",Corp. Aeronautica de Transportes,Mexico City - Juarez,Lockheed Vega 5,4,4,0
11/6/1929,"Near Godstone, Surrey, England",Deutsche Lufthansa,Amsterdam - Croyden,Junkers G-24,8,7,0
11/15/1929,"Off Corsica, France",Air Union,,Liore et Olivier 190,3,3,0
11/30/1929,"Vancouver, Washington",Varney Air Lines,,Stearman M-2 Speedmail,1,1,0
1/10/1930,"Brawnson, Nebraska",Boeing Air Transport,,Boeing 95,1,1,0
4/18/1930,"Jersey City, New Jersey",Canadian Colonial Airways,"Albany, NY - Jersey City, NJ",Fairchild 71,4,4,0
7/10/1930,"Arkansas Pass, Texas",Cross Airways,,Lockheed Vega 5,5,5,0
8/22/1930,"Iglau, Czechoslovakia",Ceskoslovenske Aerolinie,Prague - Brun -  Pressburg,Ford 5-AT-C Tri Motor,11,10,0
9/25/1930,"Southesk, Saskatchewan, Canada",Western Canada Airways,Calgary - Moosejaw,,3,3,0
10/30/1930,"Near Neufchatel, France",Imperial Airways,"Paris, France - London, England",Handley Page W-8,6,3,0
1/22/1931,"Bluff Mountain, Washington",Varney Air Lines,Portland - Pasco,Boeing 40,1,1,0
2/20/1931,"Bagot, Manitoba, Canada",Western Canada Airways,Winnigeg - Moosejaw,Fokker Universal F-14,3,2,0
5/5/1931,"Burbank, California",PacifiAir Transport,San Diego - Los Angeles,Boeing 40,2,2,0
6/13/1931,"Saarbrucken, Germany",Deutsche Lufthansa,Cologne - Saarbrucken,Dornier Merkur,4,4,0
11/24/1931,"Near Tsinan, China",China National Aviation Corporation,Nanking - Peiking,Stinson,3,3,0
11/26/1931,"Pasco, Washington",Varney Air Lines,"Portland,  WA - Pasco, WA",Boeing 40,1,1,0
12/31/1931,"Springfield, Ohio",American Airways,"Port Colombus, OH - Louisville, KY",Fairchild Pilgrim 100A,5,4,0
1/21/1932,"Colvin Park, Ilinois",Northwest Airways,"Rockford - Chicago, IL - Madison, WI",Stinson SM-2A,1,1,0
3/19/1932,"Calimesa, California",American Airways,"Phoenix, AZ - Los Angeles, CA",Fokker F-10A,7,7,0
5/16/1932,"Burbank, California",PacifiAir Transport,San Diego - Burbank - Oakland,Boeing 40,3,3,0
11/2/1932,"Echterpfuhl, Germany",Deutsche Lufthansa,Nuremberg - Frankfort,Junkers F-13,5,5,0
5/9/1933,"Viladrau, Spain",Aeropostale - La Tecoere Company,Paris - Morroco,Latecoere 28-1,6,6,0
11/9/1933,"Portland, Oregon",United Air Lines,"Seattle, WA - Dallas, TX",Boeing 247,9,4,
11/20/1933,"Near Tsinan, China",China National Aviation Corporation,Canton - Shanghi,Sinson,8,8,
12/30/1933,"Near Ruysselede, Belgium",Imperial Airways,"Brussels, Belgium - Croydon, England",Avro 10,10,10,0
5/9/1934,English Channel,Air France,"Dieppe, France - New Haven, England",Wibault 282T-12,6,6,0
6/9/1934,"Mongaup Mountain, New York",American Airways,New York - Chicago,Curtiss Condor T-32,7,7,0
6/23/1934,"Burbank, California",Aerevias Centrales Air Service,Mexico - Burbank,Lockheed Orion,1,1,0
8/31/1934,"Amazonia, Missouri",Rapid Air Transport,Omaha - St. Joseph,Stinson  SM-6000B,5,5,0
1/31/1935,"Stettin, Germany",Deruluft,Koenigberg - Berlin,Junkers JU-52/3m,11,11,0
5/6/1935,"Atlanta, Missouri",Trans Continental and Western Air,Los Angeles - Albuquerque - Kanasas City -  Washington,Douglas DC-2-112,14,5,0
8/15/1935,"Near Glendo, Wyoming",Aero Mayflower Transit Co,Helena - Denver,"Waco, model YLC",3,3,0
8/15/1935,"Walakpa, near Point Barrow, Alaska",Private,,Lockheed Orion 9E Explorer float plane,2,2,0
10/9/1935,Gulf of Finland,Aero O-Y,,Junkers F-13,6,6,0
4/7/1936,"Uniontown, Pennsylvania",Trans Continental and Western Air,Newark - Los Angeles,Douglas DC-2-112,15,13,0
6/16/1936,"Mt. Lihesten, Norway",Den Norske Luftfartskole,Bergen - Trondheim,Junkers JU-52/3m,7,7,0
8/2/1936,"Mazamet, France",Air France,,Wibault 280,3,3,0
12/9/1936,"Croydon, England",KLM Royal Dutch Airlines,Croydon - Amsterdam,Douglas DC-2-115E,17,15,0
1/12/1937,"Near Newhall, California",Western Air Express,Salt Lake City - Burbank,Boeing 247B,13,5,0
8/23/1937,"San Luis, Argentina",Pan American Grace Airways,Mendosa - Cordoba,Douglas DC-2,3,3,0
2/22/1938,"Pontoise, France",Deutsche Lufthansa,"Berlin, Germany - Paris, France",Junkers JU.52,3,3,0
8/4/1939,"Barcelona, Spain",Deutsche Lufthansa,"Toulouse, France - Casablanca, Morocco",Junkers JU-52/3m,7,7,0
8/30/1939,"Hannover, Germany",Deutsche Lufthansa,Berlin - Hanover - Cologne - London,Junkers JU-52/3m,7,7,0
2/26/1941,"Atlanta, Georgia",Eastern Air Lines,New York City -  Washington D.C. - Atlanta - Brownsville,Douglas DC-3,16,9,0
10/30/1941,"Near Moorhead, Minnesota",Northwest Orient Airlines,Minneapolis - Fargo,Douglas DC-3,15,14,0
6/14/1943,"Near Mackay, OLD, Australia",Military - U.S. Army Air Forces,,B-17C Flying Fortress,41,40,0
8/30/1944,"Sao Paulo, Brazil",Panair do Brasil,,Lockheed 18 Lodestar,16,16,0
12/1/1944,"Van Nuys, California",Trans Continental and Western Air,San Francisco - Burbank - New York City,Douglas DC-3,17,9,0
1/10/1945,"Burbank, California",American Airlines,"New York City - Juarez, Mexico - Burbank",Douglas DC-3,24,24,0
2/2/1945,"Near Montieri, Italy",Military - U.S. Army Air Forces,,Douglas C-47-DL,26,23,0
4/19/1945,"Near Perth, Australia",Military - U.S. Navy,,Douglas DC-3,13,13,0
7/28/1945,"New York, New York",Military - U.S. Army Air Forces,,North American B-25D bomber,3,3,11
3/3/1946,"Live Oak Springs, California",American Airlines,Dallas - Tucon - San Diego,Douglas DC-3-227B,27,27,0
9/5/1946,"Elko, Nevada",Trans-Luxury Airlines,New York City - San Francisco,Douglas DC-3 (C-47-A5-DL),22,21,0
9/7/1946,"Nome, Alaska",Mt. McKinley Airfreight,,Douglas C-47A,4,4,0
12/25/1946,"Lunghwa, Shanghai, China",China National Aviation Corporation,,"Curtiss C-46, C-47, DC-3",,87,4
12/28/1946,"Near Shannon, Ireland",Trans Continental and Western Air,Paris - Shannon,Lockheed 049 Consellation,23,13,0
2/15/1947,"Near Bogota, Colombia",AVIANCA,Barranquilla - Bogota,Douglas DC-4,53,53,0
11/21/1947,"Phouznicie, Romania",TARS,Bucurest - Prague,Lisunov Li-2,26,13,0
7/24/1948,"Cap-des-Rosiers, Quebec, Canada",Rimouski Airlines,Port Meunier - Gaspé,Douglas DC-3,26,26,0
7/29/1948,"Buenos Aires, Argentina",ALFA,Rosario - Bueno Aires,Short Sandringham 2 (flying boat),24,18,0
10/20/1948,"Prestwick Airport, Scotland",KLM Royal Dutch Airlines,Amsterdam - Prestwick - New York City,Lockheed 049-46-25 Constellation,40,40,0
11/8/1948,"Mt. Macedon, Australia",Australian National Airways,Melbourne - Denilquin,Douglas DC-3,23,3,0
12/6/1948,"Milan, Italy",,Milan - Brussels,Douglas C-47,7,7,0
1/2/1949,"Seattle, Washington",Seattle Air Charter,Seattle - New Haven,Douglas DC-3 (C-47A-DL),30,14,0
10/31/1950,"London Heathrow, England",British European Airways,Paris - London,Vickers 610 Viking-1B,30,28,0
4/9/1951,"Cape d'Arguilar, Hong Kong",Siamese Airways,Bangkok - Hong Kong,Douglas DC-3,16,16,0
5/18/1951,"Rancharia,  Brazil",VASP,Santa Cruz de Rio Prado - Presidente Prudent,Douglas DC-3,6,6,0
8/24/1951,"Decoto, California",United Air Lines,Boston - Hartford - Cleveland - Chicago - Oakland,Douglas DC-6B,50,50,0
11/21/1951,"Calcutta, India",Deccan Airways,,Douglas DC-3,17,16,0
3/22/1952,"Frankfurt, Germany",KLM Royal Dutch Airlines,Rome - Frankfort,Douglas DC-6,47,44,0
4/18/1952,"Near Whittier, California",North Continental Airlines (Robin Airlines),"Kansas City, MO - Phoenix - Burbank",Curtiss C-46F-1CU,29,29,0
11/28/1952,"Near Tacoma, Washington",Military - U.S. Air Force,,Douglas C-54G (DC-4),38,37,0
2/7/1953,"Eysines, France",Autrex,,Douglas DC-4,20,5,0
9/16/1953,"Albany, New York",American Airlines,Boston - Hartford - Albany - Chicago,Convair CV-240-0,28,28,0
9/14/1953,"Chablekal, Mexico",Transportes Aéreos Mexicanos,Campeche - Mérida,Douglas C-47A,2,1,0
10/19/1953,"New York City, New York",Eastern Air Lines,New York City - San Juan,Lockheed 749A Constellation,27,2,0
10/29/1953,"Near Half Moon Bay, California",British Commonwealth PacifiAirlines,Sydney - Honolulu - San Francisco,Douglas DC-6,19,19,0
12/21/1955,"Jacksonville, Florida",Eastern Air Lines,Miami - Jacksonville,Lockheed 749C-79-12 Constellation,17,17,0
5/13/1957,"Near San Carlos de Bariloche, Argentina",Lineas Aereas del Estado,,Vickers 615 Viking 1B,16,16,0
9/15/1957,"New Bedford, Massachusett",Northeast Airlines,Martha's Vineyard - New Bedford,Douglas DC-3,24,12,0
9/18/1957,"Montevideo,  Uruguay",REAL,San Pablo - Porto Alegre - Montevideo,Convair CV-440-62,35,1,0
3/22/1958,"Grants, New Mexico",Private,,Lockheed 18 Lodestar,4,4,0
12/24/1958,"Winkton, England",BOAC,Test,Bristol 175 Britannia 312,12,9,0
2/3/1959,"La Guardia Airport, New York, NY",American Airlines,Chicago - New York City,Lockheed  188A Electra,73,65,0
2/17/1959,"Gatwick, Surrey, England",Turkish Airlines (THY),Ankara - Istanbul -  London,Vickers Viscount 794D,24,14,0
6/10/1960,"Off  Mackay, Qld. Australia",Trans Australia Airlines,Rockhampton - MacKay,Fokker F-27 Friendship 100,29,29,0
9/28/1960,"Near Juchetipec, Mexico",Mexicana,Tapachula - Mexico City,Douglas DC-3 (C-53-DO),18,8,0
9/10/1961,"Shannon, Ireland",President Airlines,Shannon - Gander,Douglas DC-6B,83,83,0
11/30/1962,"New York, New York",Eastern Air Lines,Charlotte - New York City,Douglas DC-7B,51,25,0
7/1/1963,"Passo Fundo, Brazil",Varig,Carazinbo - Passo Fundo,Douglas DC-3,18,15,0
7/17/1963,"Pak Tha, Laos",Air America,,Curtiss C-46F,6,6,0
8/21/1963,"Near Leningrad , Russia",Aeroflot,Tallinn - Moscow,Tupelov Tu-124,52,0,0
9/4/1963,"Durrenasch, Aargau, Switzerland",Swissair,Zurich - Geneva,Sud-Aviation Caravelle III,80,80,0
11/8/1963,"Mariehamn, Aaland Island, Finland",Finnair,Turku - Mariehamn,Douglas DC-3,24,22,0
12/17/1963,"Los Angeles, California",Western Airlines,,Douglas DC-6B,46,0,0
5/8/1964,"Near Lima, Peru",Fuerza Aérea Argentina,Buenos Aires - Lima,Douglas C-54,49,46,0
6/19/1964,"Southhampton, Massachusetts",Private - Air Taxi,"Washington D.C. - Southhampton, MA",Aero Commander 680,5,2,0
4/9/1965,"Bellfontaine, Ohio",Ortner Air Service - Taxi,,Beech C-45H,2,2,0
10/27/1965,"London, England",British European Airways,Edinburgh - London,Vickers Vanguard 951,36,36,0
1/28/1966,"Bremen, Germany",Lufthansa,Frankfurt - Bremen,Convair CV-440-0,46,46,0
2/7/1966,"Srinagar, India",Indian Airlines,Srinngar - Jammu - Amritsar - Delhi,Fokker F-27 Friendship 200,37,37,0
2/15/1966,"Delh, India",Indian Airlines,Calcutta - Delhi,Sud Aviation SE-210 Caravelle VIN,80,2,0
3/4/1966,"Near Tokyo, Japan",Canadian PacifiAir Lines,Hong Kong - Tokyo,McDonnell Douglas DC-8-43,72,64,0
4/22/1966,"Near Ardmore, Oklahoma",American Flyers Airline,Monterey - Ardmore,Lockheed 188C Electra,98,83,0
5/6/1966,"Neah Bay, Washington",Kurtzer Flying Service - Taxi,,Cessna 180,2,2,0
12/18/1966,"Bogota, Colombia",Aerocondor de Colombia,Miami - Bogota,Lockheed L-1649A Starliner,59,17,0
12/24/1966,"Binh Tahi, Da Nang, Vietnam",Flying Tiger Line,,Canadair CL-44D4-1,4,4,107
3/11/1967,"Mt Visenti, Italy",Aeralpi,Venezia - Belluno,de Havilland Canada DHC-6 Twin Otter 100,5,4,0
3/16/1967,"Kodiak, Alaska",Harvey's Flying Service - Air Taxi,,Beechcraft D18S,2,2,0
3/27/1967,"Greenwood, Mississippi",Harold E. Bell - Air Taxi,,Beechcraft 95-55,2,2,0
4/8/1967,"Seoul, South Korea",Military - Republiof South Korea Air Force,Yoido AB - Taegu,Curtiss-Wright C-46,15,15,44
5/4/1967,"New Castle, Virginia",Greenbriar Airways,,Cessna 205,4,4,0
7/19/1967,"Tananarive, Malagasy Republic",Air Madagascar,,Douglas DC-4-1009,42,42,0
12/10/1967,"Near Madison, Wisconsin",Private,"Cleveland, OH - Madison WI",Beechcraft 18H,8,7,0
12/25/1967,"Chiang Mai, Thailand",Thai Airways,Bangkok - Chiang Mai,Douglas DC-3,31,4,0
2/7/1968,"Vancouver, Canada",Canadian PacifiAir Lines,Honolulu - Vancouver,Boeing B-707-138B,61,1,1
4/10/1968,"Dahlonega, Georgia",Canair Corp. - Air Taxi,,Cessna 182,4,4,0
5/14/1968,"Pelliston, Michigan",Phillips Flying Service - Air Taxi,,Piper PA-23,4,4,0
8/10/1968,"Charleston, West Virginia",Piedmont Airlines,"Cincinnati - Charlston, WV",Fairchild-Hiller FH-227B,37,35,0
8/28/1968,"Lopez, Washington",Island Sky Ferry - Air Taxi,,Cessna 172,2,0,0
11/23/1968,"Santa Ana, California",Cable Commuter,Los Angeles - Santa Ana,de Havilland Canada DHC-6 Twin Otter 200,9,9,0
3/20/1969,"New Orleans, Louisiana",Avion Airways,Memphis - New Orleans,Douglas DC-3,27,16,0
4/2/1969,"Zawoja, Poland",LOT Polish Airlines,Warsaw - Cracow,Antonov AN-24V,53,53,0
12/23/1969,"Near Luang Prabang, Laos",Air Laos,,Douglas C-47A-25-DK,19,15,0
1/12/1970,Near Villia Greece,Military - Royal HelleniAir Force,,Douglas C-47,27,23,0
4/1/1970,"Casablanca, Morocco",Royal Air Maroc,Agadir - Casablanca,Aerospatiale Caravelle 3,82,61,0
4/2/1970,"Cambridge, Maryland",East Coast Air - Air Taxi,"Teterboro, NJ - Cambridge, MD",Piper PA-32,3,3,0
6/1/1970,"Tripoli, Libya",Ceskoslovenske Aerolinie,,Tupolev TU-104A,13,13,0
8/12/1970,"Taipei, Taiwan",China Airlines (Taiwan),Hwa-Lien,NAMC YS-11A-219,31,14,0
8/30/1970,"Haringvreter, Netherlands",Dutch Continental Airways,,Britten-Norman BN-2A Islander,10,3,0
10/10/1970,"Dayton, Ohio",Saturn Airways,"Dayton, OH - Ft. Dix, NJ",Lockheed L-100-20 Hercules,3,3,0
11/14/1970,"Near Huntington, West Virginia",Southern Airways,"Kingston, NC - Huntington, WV",McDonnell Douglas DC-9-31,75,75,0
8/19/1971,"Augusta, Maine",Downeast Airlines,"Boston, MA - Rockville, ME diverted to  Augusta ME",Piper PA-31,8,3,0
9/4/1971,"Near Juneau, Alaska",Alaska Airlines,Anchorage - Seattle,Boeing B-727-193,111,111,0
9/16/1971,"Kiev, Ukraine, USSR",Malev Hungarian Airlines,Budapest - Kiev,Tupolev TU-134A,49,49,0
4/16/1972,Near Ardinello di Amaseno,Aero Transporti Italiani,Rome - Foggia,Fokker F-27 Friendship 200,18,18,0
4/24/1972,"Nyot Mo, Laos",Air America,"Long Tieng, Laos - Moung Cha, Laos",Pilatus PC6CH2,10,4,0
5/21/1972,"Lobito, Angola",DTA Angola Airlines,Luanda - Lobito - Sa Da Bandeira,Fokker F-27 Friendship 200,25,22,0
6/1/1972,"Valdez, Alaska",Fairbanks Air - Air Taxi,"Fairbanks, AK - Valdez, AK",Cessna U206C,2,2,0
7/11/1972,"Near Grytoya, Norway",Military - Royal Norwegian Air Force,Bardufoss - Bodoe,de Havilland Canada DHC-6 Twin Otter 100,19,19,0
11/4/1972,"Near Plovdiv, Bulgaria",Balkan Bulgarian Airlines,Burgas - Sofia,Ilyushin IL-14P,35,35,0
12/20/1972,"Chicago, Illinois",Delta Air Lines/ North Central Airlines,Tampa - Chicago / Chicago - Madison,Convair CV-880 / McDonnell DC-9-31,133,10,0
1/27/1973,"Townsend, Tennessee",Air Transit - Air Taxi,"Knoxville, TN - Andrews, NC",Cessna 182B,4,3,0
2/22/1973,"Londonderry, Vermont",Air Taxi,"Mt. Empire, VT - Springfield, VT",Cessna 310J,2,2,0
5/11/1973,"Greenville, Maine",Air Taxi,"Concord, NH - Greenville, ME",Cessna 402B,4,4,0
8/22/1973,"El Yopal, Colombia",AVIANCA,Villavicencio - El Yopal,Douglas DC-3,17,16,0
8/27/1973,"Bogota, Colombia",Aerovias Brasil,Bogota - Cartagena,Lockheed L-188A Electra,42,42,0
9/8/1973,"King Cove, Alaska",World Airways,"Travis AFB - Clark AFB - Yokota AFB, Japan",McDonnell Douglas DC-8-63F,6,6,0
1/1/1974,"Near Turin, Italy",Itavia,Bologna - Torino,Fokker F-28 Fellowship 1000,42,38,0
9/11/1974,"Near Charlotte, North Carolina",Eastern Air Lines,"Charleston, SC - Charlotte, NC - Chicago, IL",McDonnell Douglas DC-9-31,82,70,0
10/17/1974,"Kassan, Alaska",Webber Airlines -Air Taxi,"Kassan, AK - Coffman Cove, AK",de Havilland DHC-2,8,5,0
10/24/1974,"Blair, Oklahoma",AltusFlying Service - Air Taxi,"Dallas, TX - Altus, OK",Piper PA-31,4,2,0
10/24/1974,"Chicao, Illinois",Henry Nichols - Air Taxi,"Indianapolis, IN - Chicago, Il",Cessna 337D,3,2,0
1/15/1975,"Budapest, Hunary",Malev Hungarian Airlines,Berlin - Budapest,Ilyushin IL-18V,9,9,0
7/15/1975,"Poway, California",Oceanaire Helicopter - Air Taxi,"Poway, CA - Pomona, CA",Bell 206B,4,4,0
8/30/1975,"Near Gambell, Alaska",Wien Air Alaska,Nome - Gambell,Fairchild F-27B,32,10,0
10/30/1975,"Near Prague, Czechoslovakia",Inex Adria Aviopromet,Tivat - Praha,McDonnell Douglas DC-9-32,120,75,0
11/22/1975,Near Novgorod (Russia,Aeroflot,,Yakovlev 40,6,6,5
11/29/1975,"Hertfordshire, England",Private,,Piper PA-23-250 Aztec,6,6,0
1/3/1976,"Anchorage, Alaska",Winship Air,"Anchorage, AK - Deadhorse, AK",Lear Jet 24A,6,6,0
2/3/1976,"Lafayette, Louisiana",Falcon Airways - Air Taxi,"Lafayette, LA - Patterson, LA",Beechcraft  C-45H,2,2,0
12/12/1976,"Cape May, New Jersey",AtlantiCity Airlines,AtlantiCity - Cap May,de Havilland Canada DHC-6 Twin Otter 300,10,3,0
12/17/1976,"Kiev, USSR",Aeroflot,,Antonov AN-24RV,55,48,0
3/27/1977,"Tenerife, Canary Islands",Pan American World Airways / KLM,Tenerife - Las Palmas / Tenerife - Las Palmas,Boeing B-747-121 / Boeing B-747-206B,644,583,0
3/30/1977,"Near Zhadanof, Russia",Aeroflot,,Yakovlev YAK-40,27,8,0
10/1/1977,"Grand Chenier, Louisiana",Air Logistics,"New Iberia, LA - Grand Chenier, LA",Bell 206B,2,2,0
10/1/1977,"Grand Chenier, Louisiana",Air Logistics,"New Iberia, LA - Grand Chenier, LA",Bell 206B,2,2,0
11/26/1977,"Pinehurst, North Carolina",Resort Air Service - Air Taxi,"Charlotte, NC - Pinehurst, NC",Beechcraft 58,2,2,0
11/29/1977,"Near Al Bayda, Lebanon",Balkan Bulgarian Airlines,Jeddah - Benghazi,Tupolev TU-154B,165,59,0
12/11/1977,"Evansville, Indiana","National Jet Services Inc.,  (Air Indiana)",Evansville - Nashville,Douglas DC-3,29,29,0
1/24/1978,"Near San Vincente, Colombia",SADELCA,Neiva - San Vincente,Douglas DC-3,14,14,0
3/16/1978,"Near Riverside, California",Lake Havasu Air,"Santa Ana, CA - Lake Havasu, AZ",Cessna T207A,6,6,0
5/19/1978,"Saint John's, Newfoundland",Gander Aviation,Survey,Beech Queen Air A80,10,10,0
9/17/1978,"Monroe, Massachusetts",Business Aircraft - Air Taxi,"Bridgeport, CT - Albany, NY",Cessna 310N,3,3,0
11/5/1978,"Lubbox, Texas",Astrd Wing Aviaiton - Air Taxi,"Dallas, TX - Lubbox, TX",Cessna 310J,2,2,0
11/21/1978,"Hydaburg, Alaska",Tyee Airlines - Air Taxi,"Ketchikan, AK - Hydaburg, AK",de Havilland DHC-2,5,5,0
12/17/1978,"Morton, Illinois",Galesburg Aviation - Air Taxi,"Terra Haute, IN - Moline, IN",Cessna 210L,2,2,0
3/1/1979,"Galesburg, Illinois",Agee Flying Service - Air Taxi,"Lebanon, TN - Galesburg, IL",Cessna 310B,4,4,0
3/14/1979,"Near Moscow, Russia",Aeroflot,Moscow - Odessa,Tupolev TU-104B,106,86,0
10/27/1979,"Tijuana, Mexico",Procurator Generale de la Republica,,de Havilland Canada DHC-6 Twin Otter 300,10,10,0
10/28/1979,"Mexico City, Mexico",Western Airlines,"Los Angeles, CA  - Mexico City, Mexico",McDonnell Douglas DC-10-10,88,72,1
11/30/1979,"Nome, Alaska",Evergreen Helicopter - Air Taxi,"Nome, AK - Return",de Havilland DHC-6,4,4,0
12/23/1979,"Ankara, Turkey",Turkish Airlines (THY),Ankara - Samsun,Fokker F-28 Fellowship 1000,45,41,0
1/21/1980,"Elburz Mtns., near Laskarak, Markazi, Iran",Iran National Airlines,Babol Sar - Tehran,Boeing B-727-86,128,128,0
5/28/1980,"Gran Canaria Island, Spain",Spanish Air Force,,Lockheed C-130,11,11,0
6/15/1980,"Lihue, Hawaii",Aero PaLease - Air Taxi,"Honolulu, HI - Lihue, HI",Piper PA-34,2,2,0
8/3/1980,"Togiak, Alaska",Yute Air Alaska - Air Taxi,"Dillingham, AK - Return",de Havilland DHC-3,9,2,0
11/19/1980,"Seoul, South Korea",Korean Airlines,Anchorage - Seoul,Boeing B-747-2B5B,226,15,0
2/11/1981,"White Plains, New York",Private - Corporate,"White Plains, NY - Toronto, Canada - White Plains, NY",Lockheed 1339,8,8,0
3/15/1981,"Shemya AFB, Alaska",Military - U.S. Air Force,Fairbanks - Shemya AFB,Boeing RC-135S,24,6,0
5/22/1981,"Near Zumba, Ecuador",TAME,,de Havilland Canada DHC-6 Twin Otter 300,18,18,0
5/24/1981,"Near Guachala, Ecuador",Military - Ecuadorean Air Force,Quito - Macara,Beech Super King Air 200/DHC6-Twin Otter,27,27,0
12/1/1981,"Mt. San Pietro, near Ajaccio, Corsica, France",Inex Adria Aviopromet (Yugoslavia),Ljubljana - Ajaccio,McDonnell Douglas MD-81,180,180,0
6/8/1982,"Near Pacatuba, Brazil",VASP,Rio de Janerio - Fortaleza,Boeing B-727-212A,137,137,0
12/9/1982,"Near Klawock, Alaksa",Air Taxi - Tyee Airlines Inc.,"Ketchikan, AK - Craig, AK",de Havilland DHC-2,8,8,0
1/16/1983,"Ankara, Turkey",Turkish Airlines (THY),Istanbul - Ankara,Boeing B-727-2F2,67,47,0
3/11/1983,Barquisimeto Venezuela,Avensa,Caracas - Barquisimeto,McDonnell Douglas DC-9-32,50,23,0
12/7/1983,"Near Madrid, Spain",Iberia Airlines / Aviaco,Madrid - Rome,Boeing B-727-200 / DC9-32,135,93,0
10/2/1984,"Ausin, Nevada",Air Taxi - Desert Flying Service,"Reno, NV - Eureka, NV",Cessna R182,3,3,0
10/9/1984,"Fort Franklin, Canada",Nahanni Air Services,Fort Norman - Fort Franklin,de Havilland Canada DHC-6 Twin Otter 100,7,7,0
12/17/1984,"Bainbridge, New York",Air Taxi - Delaware Aviation LLC,"Binghamton, NY - Bainbridge, NY",PA-23-250,4,4,0
1/18/1985,"Jinan, China",CAAC,Nanjing - Jinan,Antonov AN-24B,41,38,0
1/23/1985,"Cerro el Plateado, Colombia",Aerolineas Centrales de Colombia,Medellin - Quibdo,de Havilland Canada DHC-6 Twin Otter 300,23,23,0
3/28/1985,"Near Florencia, Colombia",SATENA,Bogota - San Vicente del Caguán - Florencia,Fokker F-28 Fellowship 3000,46,46,0
1/28/1986,"Sao Paulo, Brazil",VASP,Sao Paulo - Belo Horizonte,Boeing B-737-2A1,72,1,0
1/29/1986,"Las Lomitas, Mexico",Aerocalifornia,Villa Constitucion - Los Mochis,Douglas DC-3A-178,21,21,0
12/12/1986,"Berlin, East Germany",Aeroflot,Minsk - Berlin,Tupolev TU-134A,82,70,0
5/13/1987,"Sayre, Pennsylvania",Air Taxi,"Sayre, PA - Washington, District of Colombia",Piper PA-32-300,3,2,0
6/26/1987,"Near Baguio, Philippines",Philippine Air Lines,Manila - Baguio,Hawker Siddeley HS-748-209 Srs. 2,50,50,0
11/4/1987,"Bellingham, Washington",Air Taxi - Flying School of the Cascades Inc.,"Tacoma, WA - Bellingham, WA",Cessna 310 N,4,4,0
12/21/1987,"Bordeaux, France",Air Littoral,Brussels - Bordeaux,Embraer 120 Brasilia,16,16,0
5/6/1988,"Near Broennoysund, Norway",Wideroe's Flyveselksap,Namsos - Bronnoysund,de Havilland Canada DHC-7-102,36,36,0
9/5/1988,"Sitka, Alaska",Wrangell Air Service,Sitka - Petersburg,Britten-Norman BN-2A Islander,10,1,0
5/30/1979,"Rockland, Maine",Downeast Airlines,Boston - Rockland,de Havilland DHC-6-200,18,17,0
10/17/1988,"Rome, Italy",Uganda Airlines,London - Rome,Boeing B-707-338C,52,33,0
10/19/1988,"Near Ahmedabad, India",Indian Airlines,Bombay - Ahmadabad,Boeing B-737-2A8,129,124,0
2/3/1989,"Rangoon, Myanmar",Burma Airways,Rangoon - Kentung,Fokker F-27 Friendship 600,29,26,0
5/6/1989,"Columbia, Tennessee",Southern Express,Memphis - Columbia,Embraer EMB-110 Bandeirante,2,1,0
6/7/1989,"Near Paramaribo, Surinam",Surinam Airways,Paramaribo - Zanderij,McDonnell Douglas DC-8 Super 62,187,176,0
7/27/1989,"Tripoli, Libya",Korean Airlines,Jeddah - Tripoli,McDonnell Douglas DC-10-30,199,75,4
8/21/1989,"Gold Beach, Oregon",Air Taxi,"Medford, OR - Medford, OR",Beechcraft C90,3,3,0
8/28/1989,"Lynchburg, Virginia",Bay Land Aviation,"Salisbury, MD - Lynchburg, VA",Piper PA-31-350 Navajo,5,5,0
9/15/1989,"Mayfield, Kentucky",Wehite Cap Aviation,"Orlando, FL - Mayfield, KY",Beech King Air B100,6,6,0
6/6/1990,"Near Altamira, Brazil",TABA,Belem - Altamira,Fairchild FH-227B,42,23,0
8/27/1990,"Elkhorn, Wisconsin",Private - Omniflight Helicopters,"Elkhorn, WI - Chicago, IL",Bell BHT-206-B Helicopter,5,5,0
9/24/1990,"San Luis Obispo, California",HiTech Helicopters,"Van Nuys, CA - San Luis Obispo, CA",Cessna 501 Citation,4,4,0
12/3/1990,"Romulus, Michigan",Northwest Airlines/ Northwest Airlines,Detroit - Pittsburg,Boeing B-727-251 / MD Douglas DC-9-14,198,8,0
12/4/1990,"Nairobi, Kenya",Sudania Air Cargo,,Boeing B-707-320F,10,10,0
3/11/1991,"Hassfurt, Germany",Luft-Taxi Emsland,,Cessna 402B,7,6,0
5/9/1991,"Sulawesi, Indonesia",Merpati Nusantara Airlines,Ambon - Ternate - Manado,Fokker F-27 Friendship 600,13,13,0
6/20/1991,"Near Malambo, Colombia",Aerosucre Colombia,Bogota - Malambo,Douglas DC-6BF,18,2,0
9/27/1991,"Guadalcanal Island, Solomon Islands",Solomon Islands Airlines,Kira-Kira - Honiara,de Havilland Canada DHC-6 Twin Otter 300,15,15,0
11/20/1991,"Davis, California",Air Taxi - Airis Helicopters Inc.,"San Francisco, CA - Sacramento, CA",Bell 206B,3,3,0
1/13/1993,"Sellafield, England",Titan Airways,Southend - Glasgow,Embraer 110P1 Bandeirante,2,2,0
4/27/1993,"Near Kholm, Afghanistan",Military - Afghan Republican Air Force,Kabul - Mazar-i- Sharif,Antonov AN-32,76,76,0
11/13/1993,"Urumqi, China",China Northern Airlines,Beijing - Urumqi,McDonnell Douglas MD-82,102,12,0
12/1/1993,"Hibbing, Minnesota",Express Airlines - Northwest Airlink,Minneapolis/St. Paul - Hibbing,British Aerospace Jetstream BA-3100,18,18,0
12/13/1993,"Phonesavanh, Laos",Lao Aviation,Vientiane - Phonesavahn,Yunshuji Y-12-II,18,18,0
12/26/1993,"Gyumri, Armenia",Kuban Airlines,Krasnadar - Gyumri,Antonov AN-26,36,36,0
6/2/1994,"Near Campbeltown, Scotland",Military - Royal Air Force,Aldergrove AB - Fort George,Boeing Vertol Chinook HC-2 (helicopter),29,29,0
4/27/1994,"Stratford, Connecticut",Action Airlines,"AtlantiCity, NJ - Stratford, CT",Piper PA-31-350 Navajo,9,8,0
11/22/1994,"Bridgeton, Missouri",Trans World Airlines / Private,,McDonnell Douglas DC-9-82 / Cessna 441,142,2,0
1/14/1995,"Los Angeles, CA",Air Taxi - Wolfe Air Aviation Ltd.,"Los Angeles, CA - Burbank, CA",Bell 206B,4,2,0
9/9/1995,"Near La Macarena, Colombia",SAETA,Villavicencio - La Macarena,CASA 212 Aviocar 200,22,21,0
9/27/1995,"Campbell River, British Columbia, Canada",Western Straits Air,Triumph Bay - Campbell River,De Havilland Dash-3,10,8,0
10/31/1995,"Near Piedras Negras, Mexico",TACSA,Saltillo - Piedras Negras,Cessna 208B Caravan,11,9,0
2/6/1996,"Near Ensenada, Mexico",Aérotaxi Cachanilla,Tijuana - Ensenada,Cessna 500 Citation,8,8,0
3/9/1996,"Near Mesones Muro, Peru",Military - Peruvian Army Aviation,Condorcanqui - Bagua,Mil Mi-17,23,23,0
4/5/1996,"Off Matsu Island, Taiwan",Formosa Airlines,Taipei - Matsu Island,Dornier 228-212,17,6,0
7/11/1996,"Near Kanda, India",Archana Airlines,Delhi - Shimla - Kulu,Let 410,9,9,0
8/18/1996,"Near Alliford Bay, British Columbia, Canada2",Harbour Air,Tasu - Alliford,de Havilland Canada DHC-3 Turbo Otter,3,3,0
3/12/1997,"Lucapa, Angola",ALADA,Luanda - Lucapa,Antonov AN-12B,16,16,0
1/2/1997,"Edenton, North Carolina",Tar Heel Aviation,Manteo - Edenton,Cessna 208B Grand Caravan,2,2,0
12/31/1997,"Rio Sidra, Panama",Parsa,Panama City - Rio Sidra,Britten Norman BN-2A Trislander,10,10,0
1/13/1998,"Brno, Czech Republic",Aeroservice International,Gomel - Kunovice,Let 410UVP,2,2,0
2/12/1998,"Near Nasir, Sudan",Military - Sudan Air Force,,Antonov AN-32,57,27,0
2/16/1998,"Taipei, Taiwan",China Airlines (Taiwan),Denpasar - Taipei,Airbus A300-622R,196,196,7
3/19/1998,"Near Charasyab, Afghanistan",Ariana Afghan Airlines,Dubai - Kandahar - Kabul,Boeing B-727-228,45,45,0
4/20/1998,"Near Bogota, Colombia",Air France,Bogota - Quito,Boeing B-727-230,53,53,0
5/25/1998,"Indian Trail, North Carolina",Air Taxi - US Helicopters Inc.,"Charlotte, NC - Monroe, NC",Bell 206L-3,5,5,0
11/1/1998,"Near Quetzaltenango, Guatemala",Living Water Teaching Ministries Charter,Plaa Grande - Quetzaltenango,Douglas DC-3C,18,11,0
7/2/1999,"Sittwe, Myanmar",Myanmar Airways,Yangon - Sittwe,Fokker F-27 Friendship 600,8,8,0
12/22/1998,"Medellín, Colombia",SELVA,Bogotá - Medellín,Antonov 32B,5,5,0
3/7/1999,"New Delhi, India",Military - Indian Air Force,Gwalior -  Pokhran - New Delhi,Antonov AN-32 Transport,19,19,3
4/8/1999,"Near Malaga, Colombia",Aerotaca,Bucaramanga - Malaga,de Havilland Canada DHC-6 Twin Otter 300,5,5,0
8/7/1999,"Santo Antao, Cape Verde Islands",TACV-Cabo Verde Airlines,Sao Vicente - Santo Antao,Dornier 228-201,18,18,0
12/7/1999,"Bethel, Alaska",Air Taxi - Grant Aviation Inc.,,Cessna 207,6,6,0
4/1/2000,"Near Gualeguaychu, Argentina",Taxval,,Cessna 208 Caravan,1,1,0
5/17/2000,"Moanda, Gabon",Avirex,Libreville - Moanda,Beechcraft 1900C-1,10,3,0
6/21/2000,"Cuiaba, Brazil",Air taxi - Jao Air Taxi,Cuiaba - Rondonopolis,Beech Baron,4,4,0
7/8/2000,"Near Villahermosa, Mexico",Aerocaribe,Tuxtla Gutierrez - Villahermosa,British Aerospace  BAe Jetstream 32EP,19,19,0
7/13/2000,"Raleigh, North Carolina",Win Win Aviation,"Hinckley, IL - Louisburg, NC",de Havilland Canada DHC-6 Twin Otter 200,3,1,0
7/27/2000,"Jodhura, Nepal",Royal Nepal Airlines,Bajhang - Dhangadhi,de Havilland Canada DHC-6 Twin Otter 300,25,25,0
10/9/2000,"Lummi Island, Washington",Empire Airlines,Bellingham - Eastsound-Orcas Island,Cessna 208B Caravan I Super Cargomaster,1,1,0
10/16/2000,"Hillsboro, Missouri",Private,St. Louis - New Madrid,Cessna 335,3,3,0
4/2/2001,"Ashbaubenon, Wisconsin",Jet Wings,"Green Bay - Ft. Myers, Fl",Cessna 501 Citation I/SP,1,1,0
4/7/2001,"Thanh Tranh Village, Vietnam",SFC Vietnam - Charter - Full Account,Vinh - Dong Hoi - Hue,Mil Mi-18 Helicopter,16,16,0
10/8/2001,"Milan, Italy",Scandinavian Airlines (SAS) / Private,Milan - Copenhagen / Milan - Paris,MD-87 / Cessna 525A Citation II,114,114,4
1/14/2002,"Bilbao, Spain",Ibertrans Aérea,Madrid - Bilbao,Embraer EMB-120 Brasilia,3,3,0
1/28/2002,"Near Ipiales, Colombia",TAME,Quito -  Tulcán - Cali,Boeing B-727-134,92,92,0
2/12/2002,"Near Khorramabed, Iran",Iran Air Tours,Tehran - Khorramabed,Tupolev TU-154,117,117,0
4/15/2002,"Busan, South Korea",Air China,Beijing - Busan,Boeing B-767-200ER,166,128,0
4/28/2002,"Near Abakan, Russia",Private,,Mi-8 helicopter,20,8,0
8/7/2002,"Caguas, Puerto Rico",Military - U.S. Air Force,Roosevelt Roads NS - Borinquen NGB,Lockheed MC-130H Hercules,10,10,0
8/29/2002,"Near Ayan, Russia",Vostok Aviakompania,Khabarovsk - Ayan,Antonov AN-28,16,16,0
10/25/2002,"Eveleth, Minnesota",Aviation Charter - Air Taxi,St. Paul - Eveleth,Beechcraft King Air A100,8,8,0
11/6/2002,"Near Niederanven, Luxembourg",Luxair,"Berlin, Germany - Luxembourg",Fokker 50,22,20,0
1/8/2003,"Diyarbakir, Turkey",Turkish Airlines (THY),Istanbul - Ankara - Diyarbakir,BAe Avro RJ-100,80,75,0
1/31/2003,"Baucau, East Timor",Euro Asia Aviation,Macau - Baucau,Ilyushin II-76TD,6,6,0
5/26/2003,"Near Macka, Turkey",Ukranian-Mediterranean Airlines,"Kabul, Afghanistan - Trabzon, Turkey - Zaragoza, Spain",Yakovlev 42D,75,75,0
6/6/2003,"Christchurch, New Zealand",Charter - Air Adventures New Zealand Ltd,Palmerston North - Christchurch,Piper PA-31-350 Navajo Chieftain,10,8,0
9/27/2003,"Gaspé, Quebec, Canada",Les Ailes de Gaspé Inc.,Gaspé - Îles-de-la-Madeleine,Piper PA31-310,3,3,0
1/13/2004,"Tashkent, Uzbekistan",Uzbekistan Airways,Termez - Tashkent,Yakovlev YAK-40,37,37,0
8/27/2004,"Near MGrath, Alaska",Mavrik Aire Transport,Kenai - McGrath - Kotzebue,de Havilland DHC-3 Otter,3,1,0
11/22/2004,"Houston, Texas",Business Jet Services,Dallas - Houston,Grumman Gulfstream G3,3,3,0
10/24/2004,"Martinsville, Virginia",Private - Hendrick Motorsports Inc.,"Concord, NC - Martinsville, VA",Beech 200 Super King Air,10,10,0
11/28/2004,"Montrose, Colorado",Glow Air/Air Castle - Charter,"Montrose, CO - South Bend, IN",Canadair CL-601-2A12 Challenger,6,3,0
1/13/2005,"Manguipayan, Colombia",Military - Colombian government,,Black Hawk helicopter,20,20,0
3/16/2005,"Varandey, Russia",Regional Airlines,Ufa - Usinsk - Perm - Varandey - Naryan Mar,Antonov 24,52,28,0
6/2/2006,"Groton, Connecticut",International Jet Charter,"AtlantiCity, NJ - Groton, CT",Learjet 35A,5,2,0
6/8/2006,"Mullan, Idaho",Air Taxi - MajestiAlliance,"Coeur d'Alene, ID - Missoula, MT",Cessna TU206G,2,2,0
11/18/2006,"Near Leticia, Colombia",Aerosucre Colombia,Bogota - Leticia,Boeing 727-23F,5,5,0
10/19/2006,"Tashkent, Russia",Military - Russian Air Force/Uzbekistan Airways,Training/Aranchi,Antonov An-2,15,15,0
12/10/2006,"Cajon Pass, California",Air ambulance - Mercy Air Services,Loma Linda - Victorville,Bell 412,3,3,0
1/9/2007,"Near Balad Air Base, Iraq",Moldovan Aeriantur-M Air Cargo,"Adana, Turkey - Balad Air Base, Iraq",Antonov 26B-100,35,34,0
3/17/2007,"Samara, Russia",UTAir Airlines,Surgut - Samara,Tupelov 134AK,57,6,0
6/16/2007,"Vungano Hills, Malawi",Nyika Safaris,Lilongwe to Rumchi,Cessna 206,6,6,0
1/12/2008,"Blace, Macedonia",Military - Macedonian Air Force,"Bosnia - Skopje, Macedonia",Mi-17 Helicopter,11,11,0
12/9/2007,"Kiev, Ukraine",Fun Air,HradeKrálové - Kiev,Beechcraft King Air C90B,5,5,0
1/19/2008,"Near Huambo, Angola",Gira Globo Charter,"Luanda, Angola - Huambo, Angola",Beechcraft King Air B200,13,13,0
6/8/2008,"Huntsville, Texas",PHI Air Medical,Huntsville-Houston,Bell 407,4,4,0
9/27/2008,"Camp Springs, Maryland",Maryland State Police,Medical evacuation flight,Aerospatiale SA365N-1 Dauphin II,5,4,0
10/8/2008,"Lukla, Nepal",Yeti Airlines,Katmandu - Lukla,de Havilland Canada DHC-6 Twin Otter 300,19,18,0
12/3/2008,"San Juan, Puerto Rico",Webstas Aviation Services Inc.,"Tortola Virgin Islands - San Juan, PR",Rockwell International 690B,3,3,0
2/15/2009,"Chanco, Chile",Flight Service,,Bell UH-1H,13,13,0
6/7/2009,"Near Port Hope Simpson, Newfoundland, Canada",Strait Air,Lourdes de BlanSablon - Port Hope Simpson,Britten-Norman BN-2A-27 Islander,1,1,0
